2026-07-20T02:23:46+03:00,86
2026-07-21T10:08:00+03:00,87
2026-07-21T10:14:00+03:00,88
2026-07-21T10:17:00+03:00,89
2026-07-21T10:23:00+03:00,90
2026-07-21T10:31:00+03:00,91
2026-07-21T10:34:00+03:00,92
2026-07-21T11:26:17+03:00,92
2026-07-21T09:12:23Z,orchestrator,253,baseline-runs-complete
2026-07-21T14:04:57Z,orchestrator,263,policy-classifier-wired
2026-07-21T15:11:28Z,orchestrator,272,parse-endpoint-stabilized
2026-08-06T15:02:40+03:00,92
2026-08-08T12:58:07+03:00,92
2026-08-08T15:58:08+03:00,92
2026-08-08T18:58:08+03:00,92
2026-08-08T21:58:08+03:00,92
2026-08-09T00:58:09+03:00,92
2026-08-09T03:58:10+03:00,92
2026-08-09T06:58:10+03:00,92
2026-08-09T09:58:10+03:00,92
2026-08-09T12:58:11+03:00,92
2026-08-09T15:58:11+03:00,92
2026-08-09T18:58:12+03:00,92
2026-08-09T21:58:12+03:00,92
2026-08-10T00:58:12+03:00,92
2026-08-10T03:58:13+03:00,92
2026-08-10T06:58:13+03:00,92
2026-08-10T09:58:13+03:00,92
2026-08-10T12:58:14+03:00,92
2026-08-10T15:58:14+03:00,92
2026-08-10T18:58:14+03:00,92
2026-08-10T21:58:15+03:00,92
2026-08-11T00:58:15+03:00,92
2026-08-11T03:58:15+03:00,92
2026-08-11T06:58:16+03:00,92
2026-08-11T09:58:16+03:00,92
2026-08-11T12:58:17+03:00,92
2026-08-11T15:58:17+03:00,92
2026-08-11T18:58:17+03:00,92
2026-08-11T21:58:18+03:00,92
2026-08-12T00:58:18+03:00,92
2026-08-12T03:58:19+03:00,92
2026-08-12T06:58:19+03:00,92
2026-08-12T09:58:20+03:00,92
2026-08-12T12:58:20+03:00,92
2026-08-12T15:58:21+03:00,92
2026-08-12T18:58:21+03:00,92
2026-08-12T21:58:21+03:00,92
2026-08-13T00:58:21+03:00,92
2026-08-13T03:58:21+03:00,92
2026-08-13T06:58:21+03:00,92
2026-08-13T09:58:22+03:00,92
2026-08-13T12:58:22+03:00,92
2026-08-13T15:58:23+03:00,92
2026-08-13T18:58:23+03:00,92
2026-08-13T21:58:23+03:00,92
2026-08-14T00:58:24+03:00,92
2026-08-14T03:58:24+03:00,92
2026-08-14T06:58:24+03:00,92
2026-08-14T09:58:25+03:00,92
2026-08-14T12:58:25+03:00,92
2026-08-14T15:58:26+03:00,92
2026-08-14T18:58:26+03:00,92
2026-08-14T21:58:26+03:00,92
2026-08-15T00:58:27+03:00,92
2026-08-15T03:58:27+03:00,92
2026-08-15T06:58:27+03:00,92
2026-08-15T09:58:28+03:00,92
2026-08-15T12:58:28+03:00,92
2026-08-15T15:58:28+03:00,92
2026-08-15T17:26:06+03:00,92
2026-08-15T20:26:08+03:00,92
2026-08-15T23:26:28+03:00,92
2026-08-16T02:26:46+03:00,92
2026-08-16T05:27:03+03:00,92
2026-08-16T08:27:05+03:00,92
2026-08-16T11:27:12+03:00,92
2026-08-16T14:27:23+03:00,92
2026-08-16T17:27:40+03:00,92
2026-08-16T20:27:48+03:00,92
2026-08-16T23:28:05+03:00,92
2026-08-17T02:28:28+03:00,92
2026-08-17T05:28:47+03:00,92
2026-08-17T08:29:04+03:00,92
2026-08-17T11:29:05+03:00,92
2026-08-17T14:29:09+03:00,92
2026-08-17T17:29:17+03:00,92
2026-08-17T20:29:39+03:00,92
2026-08-17T23:29:53+03:00,92
2026-08-18T02:30:05+03:00,92
2026-08-18T05:30:06+03:00,92
2026-08-18T08:30:22+03:00,92
2026-08-18T11:30:39+03:00,92
2026-08-18T14:30:55+03:00,92
2026-08-18T17:31:05+03:00,92
2026-08-18T20:31:05+03:00,92
2026-08-18T23:31:17+03:00,92
2026-08-19T02:31:33+03:00,92
2026-08-19T05:31:51+03:00,92
2026-08-19T08:32:05+03:00,92
2026-08-19T11:32:24+03:00,92
2026-08-19T14:32:43+03:00,92
2026-08-19T17:33:00+03:00,92
2026-08-19T20:33:05+03:00,92
2026-08-19T23:33:25+03:00,92
2026-08-20T02:33:37+03:00,92
2026-08-20T05:33:46+03:00,92
2026-08-20T08:33:55+03:00,92
2026-08-20T11:34:05+03:00,92
2026-08-20T14:34:07+03:00,92
2026-08-20T17:34:22+03:00,92
2026-08-20T20:34:23+03:00,92
2026-08-20T23:34:23+03:00,92
2026-08-21T02:34:23+03:00,92
2026-08-21T05:34:23+03:00,92
2026-08-21T08:34:24+03:00,92
2026-08-21T11:34:24+03:00,92
2026-08-21T14:34:24+03:00,92
2026-08-21T17:34:24+03:00,92
2026-08-21T20:34:25+03:00,92
2026-08-21T23:34:25+03:00,92
2026-08-22T02:34:25+03:00,92
2026-08-22T05:34:26+03:00,92
2026-08-22T08:34:26+03:00,92
2026-08-22T11:34:26+03:00,92
2026-08-22T14:34:27+03:00,92
2026-08-22T17:34:27+03:00,92
2026-08-22T20:34:27+03:00,92
2026-08-22T23:34:28+03:00,92
2026-08-23T02:34:30+03:00,92
2026-08-23T05:34:28+03:00,92
2026-08-23T08:34:29+03:00,92
2026-08-23T11:34:29+03:00,92
2026-08-23T14:34:29+03:00,92
2026-08-23T17:34:30+03:00,92
2026-08-23T20:34:30+03:00,92
2026-08-23T23:34:30+03:00,92
2026-08-24T02:34:31+03:00,92
2026-08-24T05:34:31+03:00,92
2026-08-24T08:34:31+03:00,92
2026-08-24T11:34:32+03:00,92
2026-08-24T14:34:32+03:00,92
2026-08-24T17:34:33+03:00,92
2026-08-24T20:34:33+03:00,92
2026-08-24T23:34:33+03:00,92
2026-08-25T02:34:34+03:00,92
2026-08-25T05:34:34+03:00,92
2026-08-25T08:34:34+03:00,92
2026-08-25T11:34:35+03:00,92
2026-08-25T14:34:35+03:00,92
2026-08-25T17:34:35+03:00,92
2026-08-25T20:34:36+03:00,92
2026-08-25T23:34:36+03:00,92
2026-08-26T02:34:36+03:00,92
2026-08-26T05:34:37+03:00,92
2026-08-26T08:34:37+03:00,92
2026-08-26T11:34:37+03:00,92
2026-08-26T14:34:38+03:00,92
2026-08-26T17:34:38+03:00,92
2026-08-26T20:34:38+03:00,92
2026-08-26T23:34:39+03:00,92
2026-08-27T02:34:39+03:00,92
2026-08-27T05:34:39+03:00,92
2026-08-27T08:34:40+03:00,92
2026-08-27T11:34:40+03:00,92
2026-08-27T17:49:39+03:00,92
2026-08-27T20:49:56+03:00,92
2026-08-27T23:50:02+03:00,92
2026-08-28T02:50:10+03:00,92
2026-08-28T05:50:25+03:00,92
2026-08-28T08:50:55+03:00,92
2026-08-28T11:51:10+03:00,92
2026-08-28T14:51:18+03:00,92
2026-08-28T17:51:45+03:00,92
2026-08-28T20:52:02+03:00,92
2026-08-28T23:52:10+03:00,92
2026-08-29T02:52:28+03:00,92
2026-08-29T05:52:58+03:00,92
2026-08-29T08:52:58+03:00,92
2026-08-29T11:52:59+03:00,92
2026-08-29T14:52:59+03:00,92
2026-08-29T17:53:00+03:00,92
2026-08-29T20:53:00+03:00,92
2026-08-29T23:53:00+03:00,92
2026-08-30T02:53:01+03:00,92
2026-08-30T05:53:01+03:00,92
2026-08-30T08:53:01+03:00,92
2026-08-30T11:53:02+03:00,92
2026-08-30T14:53:02+03:00,92
2026-08-30T17:53:03+03:00,92
2026-08-30T20:53:04+03:00,92
2026-08-30T23:53:05+03:00,92
2026-08-31T02:53:04+03:00,92
2026-08-31T05:53:05+03:00,92
2026-08-31T08:53:05+03:00,92
2026-08-31T11:53:06+03:00,92
2026-08-31T14:53:07+03:00,92
2026-08-31T17:53:06+03:00,92
2026-08-31T20:53:06+03:00,92
2026-08-31T23:53:06+03:00,92
2026-09-01T02:53:08+03:00,92
2026-09-01T05:53:08+03:00,92
2026-09-01T08:53:09+03:00,92
2026-09-01T11:53:09+03:00,92
2026-09-01T14:53:10+03:00,92
2026-09-01T17:53:10+03:00,92
2026-09-01T20:53:10+03:00,92
2026-09-01T23:53:11+03:00,92
2026-09-02T02:53:11+03:00,92
2026-09-02T05:53:12+03:00,92
2026-09-02T08:53:15+03:00,92
2026-09-02T11:53:14+03:00,92
2026-09-02T14:53:13+03:00,92
2026-09-02T17:53:13+03:00,92
2026-09-02T20:53:14+03:00,92
2026-09-02T23:53:14+03:00,92
2026-09-03T02:53:24+03:00,92
2026-09-03T05:53:15+03:00,92
2026-09-03T08:53:16+03:00,92
2026-09-03T11:53:16+03:00,92
2026-09-03T14:53:16+03:00,92
2026-09-03T17:53:17+03:00,92
2026-09-03T20:53:17+03:00,92
2026-09-03T23:53:18+03:00,92
2026-09-04T02:53:18+03:00,92
2026-09-04T05:53:18+03:00,92
2026-09-04T08:53:20+03:00,92
2026-09-04T11:53:19+03:00,92
2026-09-04T14:53:19+03:00,92
2026-09-04T17:53:20+03:00,92
2026-09-04T20:53:20+03:00,92
2026-09-04T23:53:25+03:00,92
2026-09-05T02:53:21+03:00,92
2026-09-05T05:53:22+03:00,92
2026-09-05T08:53:22+03:00,92
2026-09-05T11:53:22+03:00,92
2026-09-05T14:53:22+03:00,92
2026-09-05T17:53:23+03:00,92
2026-09-05T20:53:23+03:00,92
2026-09-05T23:53:23+03:00,92
2026-09-06T02:53:24+03:00,92
2026-09-06T05:53:24+03:00,92
2026-09-06T08:53:24+03:00,92
2026-09-06T11:53:25+03:00,92
2026-09-06T14:53:25+03:00,92
2026-09-06T17:53:25+03:00,92
2026-09-06T20:53:25+03:00,92
2026-09-06T23:53:26+03:00,92
2026-09-07T02:53:26+03:00,92
2026-09-07T05:53:26+03:00,92
